"Rank","Name","Domestic_Box_Office","Movies","Average"
1,"Steven Spielberg",4636662927,37,125315214
2,"James Cameron",2697508805,14,192679200
3,"Christopher Nolan",2412615848,14,172329703
4,"Michael Bay",2349060734,18,130503374
5,"Anthony Russo",2280821799,9,253424644
6,"Joe Russo",2280821799,10,228082180
7,"Tim Burton",2251650374,20,112582519
8,"J.J. Abrams",2198878974,7,314125568
9,"Peter Jackson",2162574522,15,144171635
10,"Robert Zemeckis",2127381152,25,85095246
11,"Ron Howard",2107492567,36,58541460
12,"Clint Eastwood",1991216528,40,49780413
13,"Ridley Scott",1943874042,32,60746064
14,"Sam Raimi",1940018367,16,121251148
15,"David Yates",1891553404,10,189155340
16,"Shawn Levy",1888149318,16,118009332
17,"Jon Favreau",1887952810,10,188795281
18,"George Lucas",1789190544,6,298198424
19,"Chris Columbus",1751557538,19,92187239
20,"Chris Renaud",1724287095,6,287381183
21,"Francis Lawrence",1647831838,12,137319320
22,"Jon Watts",1540944562,6,256824094
23,"Ryan Coogler",1538556205,5,307711241
24,"Gore Verbinski",1529313769,12,127442814
25,"M. Night Shyamalan",1470912210,16,91932013
26,"Todd Phillips",1431000447,11,130090950
27,"Brad Bird",1402837707,6,233806285
28,"Roland Emmerich",1368123123,15,91208208
29,"Bryan Singer",1358536966,10,135853697
30,"Zack Snyder",1319613325,13,101508717
31,"James Wan",1285485165,12,107123764
32,"Bill Condon",1250466252,13,96189712
33,"Richard Donner",1241440476,19,65338972
34,"Pierre Coffin",1221492160,5,244298432
35,"Andrew Stanton",1163691774,5,232738355
36,"James Gunn",1155311072,9,128367897
37,"Andrew Adamson",1154044965,6,192340828
38,"James Mangold",1149346719,13,88411286
39,"Brett Ratner",1141127806,12,95093984
40,"Steven Soderbergh",1128914799,38,29708284
41,"Jay Roach",1126880733,16,70430046
42,"Joss Whedon",1112207145,4,278051786
43,"Conrad Vernon",1106588133,7,158084019
44,"Martin Scorsese",1102486917,31,35564094
45,"Ivan Reitman",1100044915,15,73336328
46,"Dennis Dugan",1096202008,15,73080134
47,"Tony Scott",1091945398,16,68246587
48,"Rob Marshall",1086580004,7,155225715
49,"Barry Sonnenfeld",1075149233,12,89595769
50,"Jon Turteltaub",1052846655,13,80988204
51,"John Lasseter",1051798233,6,175299706
52,"Jon M. Chu",1047160930,14,74797209
53,"Colin Trevorrow",1038556766,5,207711353
54,"Garry Marshall",1023085661,18,56838092
55,"Justin Lin",1019230661,11,92657333
56,"Jake Kasdan",1016819667,8,127102458
57,"Tyler Perry",1012562012,32,31642563
58,"Chris Buck",1001168102,4,250292026
59,"Joseph Kosinski",998242870,6,166373812
60,"Sam Mendes",994264034,14,71018860
61,"Guy Ritchie",984371051,19,51809003
62,"Kyle Balda",971219765,4,242804941
63,"Tom McGrath",970881049,7,138697293
64,"Joel Schumacher",962409757,23,41843902
65,"Pete Docter",940561454,4,235140364
66,"Peyton Reed",916410864,7,130915838
67,"Mike Mitchell",900235192,9,100026132
68,"Carlos Saldanha",897345868,8,112168234
69,"Tom Shadyac",894892308,8,111861539
70,"Tim Story",889845720,20,44492286
71,"Rob Minkoff",886169375,10,88616938
72,"Jennifer Lee",878326587,2,439163294
73,"Rian Johnson",869107390,6,144851232
74,"Joe Johnston",864635053,11,78603187
75,"David Fincher",864274467,12,72022872
76,"Peter Segal",843206980,12,70267248
77,"Ron Clements",842889830,7,120412833
78,"F. Gary Gray",837019935,14,59787138
79,"Matt Reeves",822878410,7,117554059
80,"Antoine Fuqua",821272125,23,35707484
81,"Raja Gosnell",820457129,11,74587012
82,"Sydney Pollack",819954986,18,45553055
83,"John Musker",819284296,6,136547383
84,"Barry Levinson",815381574,28,29120771
85,"Bobby Farrelly",808473827,16,50529614
86,"Robert Rodriguez",800982309,25,32039292
87,"Quentin Tarantino",796272220,12,66356018
88,"Greta Gerwig",793839704,4,198459926
89,"Wolfgang Petersen",776217802,11,70565255
90,"Gareth Edwards",775228040,6,129204673
91,"Oliver Stone",765612122,22,34800551
92,"Eric Darnell",764270657,5,152854131
93,"Peter Farrelly",758730940,18,42151719
94,"Chris Sanders",757036241,5,151407248
95,"Paul Greengrass",753465880,12,62788823
96,"Byron Howard",752237385,5,150447477
97,"Adam Shankman",751985720,11,68362338
98,"Mike Nichols",751550861,18,41752826
99,"Christopher McQuarrie",751461053,6,125243509
100,"David Leitch",746391552,9,82932395
101,"Kenneth Branagh",736478129,23,32020788
102,"Rich Moore",731772636,4,182943159
103,"Gary Ross",729901714,6,121650286
104,"Martin Campbell",727139147,17,42772891
105,"Andy Muschietti",720217789,6,120036298
106,"Peter Berg",714018305,13,54924485
107,"Andy Wachowski",713665444,6,118944241
108,"Stephen Sommers",713547285,8,89193411
109,"Christopher Miller",713401410,5,142680282
110,"Phil Lord",713401410,6,118900235
111,"Taika Waititi",707330757,11,64302796
112,"Francis Ford Coppola",703548183,25,28141927
113,"Denis Villeneuve",703513449,11,63955768
114,"Adam McKay",697548385,10,69754839
115,"John Landis",687991265,18,38221737
116,"George Miller",687239381,14,49088527
117,"Marc Forster",684196021,13,52630463
118,"Rob Reiner",678286617,22,30831210
119,"Kelly Asbury",678174384,5,135634877
120,"Paul Feig",673608153,13,51816012
121,"Rob Letterman",673414912,7,96202130
122,"Louis Leterrier",661665745,11,60151431
123,"Jaume Collet-Serra",654693578,13,50361044
124,"Kelsey Mann",652980194,1,652980194
125,"Rob Cohen",644747527,15,42983168
126,"Brian De Palma",628790469,24,26199603
127,"Sylvester Stallone",626039003,8,78254875
128,"Nancy Meyers",625578930,6,104263155
129,"Lee Unkrich",625464895,3,208488298
130,"Mel Gibson",618948692,9,68772077
131,"Alfonso Cuarón",615354645,9,68372738
132,"Marc Webb",611324534,9,67924948
133,"John McTiernan",611186310,11,55562392
134,"Aaron Horvath",604724566,2,302362283
135,"Woody Allen",601954566,50,12039091
136,"Chris Weitz",600660762,9,66740085
137,"Ang Lee",597120146,14,42651439
138,"David Ayer",596451905,13,45880916
139,"Andy Tennant",596062209,11,54187474
140,"Ruben Fleischer",593923471,8,74240434
141,"Mike Newell",585578828,17,34445813
142,"Doug Liman",585538481,16,36596155
143,"Wes Craven",579341715,20,28967086
144,"Michael Apted",577927386,25,23117095
145,"Frank Coraci",575039088,9,63893232
146,"Michael Jelenic",574934330,1,574934330
147,"Frank Oz",574346799,13,44180523
148,"John Badham",573468670,14,40962048
149,"Jeff Fowler",573054474,3,191018158
150,"Joel Coen",572556430,19,30134549
151,"Andrew Davis",571872708,11,51988428
152,"Herbert Ross",571632141,20,28581607
153,"David Zucker",571466794,10,57146679
154,"Jan De Bont",571407071,6,95234512
155,"Phillip Noyce",565699585,16,35356224
156,"Malcolm D. Lee",563843895,13,43372607
157,"Jared Hess",563675307,8,70459413
158,"Betty Thomas",563123893,7,80446270
159,"Renny Harlin",560714106,29,19334969
160,"Scott Derrickson",555868607,12,46322384
161,"Dean DeBlois",555654405,5,111130881
162,"John G. Avildsen",552831770,15,36855451
163,"Norman Jewison",549765190,22,24989327
164,"Matthew Vaughn",546334713,8,68291839
165,"David O. Russell",536857583,14,38346970
166,"Michael Mann",533984143,14,38141725
167,"David Gordon Green",533708511,18,29650473
168,"John Woo",533310921,18,29628385
169,"Lasse Hallström",529512669,20,26475633
170,"Edward Zwick",524114236,14,37436731
171,"Steve Carr",515931411,10,51593141
172,"Nora Ephron",511970444,7,73138635
173,"Roger Allers",509427021,3,169809007
174,"Robert Schwentke",501857525,10,50185753
175,"Shane Black",500514580,6,83419097
176,"Simon West",497271590,14,35519399
177,"Brian Levant",496571336,10,49657134
178,"William Friedkin",494055109,19,26002900
179,"Patty Jenkins",493833654,4,123458414
180,"Chad Stahelski",493215552,9,54801728
181,"Josh Cooley",493136429,2,246568215
182,"Guillermo del Toro",489930876,14,34995063
183,"Judd Apatow",488548538,9,54283171
184,"Jerry Zucker",487778359,6,81296393
185,"Genndy Tartakovsky",485513250,5,97102650
186,"Garth Jennings",484139147,3,161379716
187,"Joseph McGinty Nichol",480446496,12,40037208
188,"Lana Wachowski",476377212,7,68053887
189,"Mark Waters",475228846,16,29701803
190,"Jordan Peele",474199595,4,118549899
191,"David Silverman",473284439,3,157761480
192,"Chris Miller",471980448,4,117995112
193,"John Lee Hancock",465394469,9,51710497
194,"Stephen Herek",465184822,19,24483412
195,"John Singleton",463532640,9,51503627
196,"Will Gluck",461402249,9,51266917
197,"Baz Luhrmann",461273671,6,76878945
198,"John Krasinski",460666773,5,92133355
199,"Rawson Marshall Thurber",460662129,9,51184681
200,"Jason Hand",460405297,1,460405297
201,"Dave Derrick Jr.",460405297,1,460405297
202,"Dana Ledoux Miller",460405297,1,460405297
203,"Paul W.S. Anderson",458349898,14,32739278
204,"Wolfgang Reitherman",456857419,6,76142903
205,"Roger Donaldson",450885551,18,25049197
206,"Peter Weir",450829916,12,37569160
207,"Paul Weitz",449810132,13,34600779
208,"Tim Johnson",449658165,5,89931633
209,"Cameron Crowe",449596729,10,44959673
210,"Adrian Lyne",447793921,10,44779392
211,"Juan Antonio Bayona",447639612,5,89527922
212,"Paul Verhoeven",446068538,13,34312964
213,"Steve Martino",446029693,4,111507423
214,"Nicholas Stoller",442761247,10,44276125
215,"George Roy Hill",442395860,12,36866322
216,"Donald Petrie",438222757,14,31301626
217,"Ryan Fleck",437103868,6,72850645
218,"Vicky Jenson",436171239,4,109042810
219,"Blake Edwards",435890593,27,16144096
220,"Harold Ramis",434939308,11,39539937
221,"Anna Boden",434405930,5,86881186
222,"Jason Reitman",432736986,10,43273699
223,"Seth Gordon",430926630,6,71821105
224,"Taylor Hackford",430124094,15,28674940
225,"Clyde Geronimi",428464608,7,61209230
226,"David Dobkin",427851530,7,61121647
227,"Spike Lee",426229457,32,13319671
228,"Tim Miller",425323786,2,212661893
229,"Sean Anders",421528748,8,52691094
230,"Robert Luketic",420928021,8,52616003
231,"Hamilton Luske",418300000,7,59757143
232,"Martin Brest",417707236,6,69617873
233,"Jeff Tremaine",414037186,11,37639744
234,"Tim Hill",413524875,8,51690609
235,"Wes Ball",413287662,6,68881277
236,"Irvin Kershner",411820133,4,102955033
237,"Andy Fickman",410222746,13,31555596
238,"Brad Peyton",408464882,9,45384987
239,"Curtis Hanson",406721391,11,36974672
240,"Penny Marshall",401784154,8,50223019
241,"Kevin Lima",401076694,6,66846116
242,"Kirk Wise",400574664,5,80114933
243,"Arthur Hiller",400475303,18,22248628
244,"Keenen Ivory Wayans",398430178,6,66405030
245,"Bilall Fallah",398001572,6,66333595
246,"Adil El Arbi",398001572,6,66333595
247,"Jonathan Liebesman",397945029,4,99486257
248,"Walter Hill",395212161,23,17183137
249,"Chuck Russell",394405206,10,39440521
250,"Alan J. Pakula",394107305,14,28150522
251,"Mel Brooks",393482222,10,39348222
252,"Jonathan Demme",391616733,24,16317364
253,"Joe Dante",391539681,17,23031746
254,"James L. Brooks",390616956,7,55802422
255,"Gary Trousdale",390524778,4,97631195
256,"David F. Sandberg",387478118,7,55354017
257,"Joaquim Dos Santos",381593754,2,190796877
258,"Kemp Powers",381593754,1,381593754
259,"Justin K. Thompson",381593754,2,190796877
260,"Richard Marquand",378636262,4,94659066
261,"Anne Fletcher",377809222,7,53972746
262,"David Frankel",374827551,10,37482755
263,"Danny Boyle",374183701,16,23386481
264,"Greg MacGillivray",371881880,12,30990157
265,"Robert Wise",370512177,18,20584010
266,"Randal Kleiser",370020495,10,37002050
267,"Leonard Nimoy",367571751,6,61261959
268,"Kevin Reynolds",365721904,8,45715238
269,"Sidney Lumet",359106140,32,11222067
270,"Brad Silberling",354567491,8,44320936
271,"Amy Heckerling",352386399,9,39154044
272,"Hal Needham",350973707,10,35097371
273,"D.J. Caruso",350246473,16,21890405
274,"Jim Abrahams",347048155,8,43381019
275,"Peter Hyams",344647049,17,20273356
276,"Neil Burger",343567910,6,57261318
277,"Don Hall",343032708,4,85758177
278,"Seth MacFarlane",342863090,3,114287697
279,"Roger Spottiswoode",342820522,14,24487180
280,"David Slade",340100747,3,113366916
281,"Michael Ritchie",339966005,20,16998300
282,"Brenda Chapman",338879847,4,84719962
283,"Adam Wingard",337506420,12,28125535
284,"Chris Williams",336581407,3,112193802
285,"Paul King",335770242,5,67154048
286,"Luc Besson",333493312,21,15880634
287,"Wilfred Jackson",3.31e+08,8,41375000
288,"James Foley",330873946,13,25451842
289,"Brian Robbins",329342564,10,32934256
290,"Tom Hooper",326788242,6,54464707
291,"Walt Becker",324897890,5,64979578
292,"Ben Stiller",323093239,8,40386655
293,"Lee Tamahori",322957356,11,29359760
294,"Tate Taylor",322064332,8,40258042
295,"John Hughes",321958435,8,40244804
296,"Jennifer Yuh Nelson",321473373,3,107157791
297,"Alex Proyas",321005872,6,53500979
298,"Mark Dindal",320562387,4,80140597
299,"Chris Wedge",317276253,3,105758751
300,"Jonathan Mostow",316181242,8,39522655
301,"Ben Affleck",311350644,7,44478663
302,"Bruce Beresford",310904814,29,10720856
303,"Nick Cassavetes",308613647,12,25717804
304,"Len Wiseman",307696937,5,61539387
305,"Wes Anderson",307659819,16,19228739
306,"Alan Taylor",305022402,4,76255601
307,"Catherine Hardwicke",303596928,14,21685495
308,"Alexander Payne",301729948,10,30172995
309,"Stanley Kubrick",301438681,12,25119890
310,"Joseph Ruben",297691389,10,29769139
311,"Barry Jenkins",297449948,6,49574991
312,"Lawrence Kasdan",296871637,11,26988331
313,"Howard Deutch",295668577,10,29566858
314,"Emile Ardolino",295286811,6,49214469
315,"George Cukor",294717470,17,17336322
316,"Joel Zwick",294552764,4,73638191
317,"Gus Van Sant",294193117,18,16344062
318,"Michael Lembeck",293722463,10,29372246
319,"Peter Ramsey",293585953,2,146792977
320,"Peter Sohn",292604216,3,97534739
321,"Steve Miner",292198368,14,20871312
322,"Harald Zwart",291225077,6,48537513
323,"Neil Jordan",290528723,20,14526436
324,"Carl Reiner",290434026,11,26403093
325,"Kevin Costner",289226502,7,41318072
326,"Les Mayfield",289185737,9,32131749
327,"David Hand",287722486,4,71930622
328,"Alejandro Gonzalez Inarritu",287015101,8,35876888
329,"Darren Aronofsky",286647053,11,26058823
330,"Joachim Ronnin",286488481,2,143244241
331,"Randall Wallace",286173975,4,71543494
332,"Neill Blomkamp",284765508,6,47460918
333,"Robert Altman",284695443,24,11862310
334,"John Carpenter",283195598,20,14159780
335,"Warren Beatty",282719616,5,56543923
336,"Destin Daniel Cretton",278830953,6,46471826
337,"James Bobin",277325139,5,55465028
338,"John Pasquin",276713253,4,69178313
339,"Joe Wright",276094103,11,25099464
340,"Elizabeth Banks",275608229,7,39372604
341,"Gavin Hood",274970361,7,39281480
342,"George P. Cosmatos",274561291,8,34320161
343,"Steven Caple Jr",273101394,4,68275349
344,"Scott Mosier",272961295,1,272961295
345,"Yarrow Cheney",272961295,1,272961295
346,"Ken Kwapis",272899305,10,27289931
347,"Robert Redford",272103854,9,30233762
348,"Hugh Wilson",271622020,8,33952753
349,"Stephen Frears",271312017,22,12332364
350,"Stephen Hopkins",270843042,11,24622095
351,"Lee Isaac Chung",270727081,5,54145416
352,"John Glen",269648646,7,38521235
353,"Mark Steven Johnson",269280162,10,26928016
354,"Dan Scanlon",268488329,1,268488329
355,"Eli Roth",268283913,12,22356993
356,"Penelope Spheeris",266127648,12,22177304
357,"Fede Álvarez",263599377,5,52719875
358,"Larry Charles",263208226,8,32901028
359,"Anthony Minghella",262952234,7,37564605
360,"Tyler Gillett",260741112,10,26074111
361,"Matt Bettinelli-Olpin",260741112,10,26074111
362,"John Stevenson",258970417,3,86323472
363,"John Madden",257449437,13,19803803
364,"Howard Zieff",257338596,7,36762657
365,"George Clooney",256293512,9,28477057
366,"David Lean",256200507,11,23290955
367,"Harold Becker",256167718,9,28463080
368,"David Bowers",255610016,7,36515717
369,"Ron Shelton",254838404,9,28315378
370,"Karey Kirkpatrick",254481835,3,84827278
371,"Darren Lynn Bousman",253959118,14,18139937
372,"Frank Marshall",252321753,9,28035750
373,"Greg Tiernan",252024244,5,50404849
374,"Baltasar Kormakur",250154148,11,22741286
375,"Charles Shyer",249637137,8,31204642
376,"Dean Parisot",249189925,5,49837985
377,"Gabriele Muccino",248913960,11,22628542
378,"Miloš Forman",248460563,9,27606729
379,"Bob Clark",248283019,15,16552201
380,"Josh Gordon",248008948,6,41334825
381,"Will Speck",248008948,6,41334825
382,"Michael Patrick King",247994950,3,82664983
383,"Joel Crawford",244659350,4,61164838
384,"Henry Selick",244534622,5,48906924
385,"Steven Brill",243882963,9,27098107
386,"Ron Underwood",243012300,9,27001367
387,"Gil Kenan",242335732,5,48467146
388,"Brian Helgeland",242163041,6,40360507
389,"Steve Oedekerk",241652658,4,60413165
390,"Robert Stromberg",241407328,1,241407328
391,"Don Bluth",240620210,10,24062021
392,"Mimi Leder",239941563,7,34277366
393,"Victor Fleming",239615476,5,47923095
394,"Mark Andrews",237439597,2,118719799
395,"Alan Parker",236423327,14,16887381
396,"Phil Alden Robinson",235435555,5,47087111
397,"P.J. Hogan",234711022,6,39118504
398,"Jon Avnet",233490628,9,25943403
399,"Ethan Coen",231906428,10,23190643
400,"Daniel Espinosa",231694382,7,33099197
401,"Wayne Wang",231584934,18,12865830
402,"David R. Ellis",230985374,6,38497562
403,"Roger Michell",229062022,12,19088502
404,"Robert Benton",228812101,9,25423567
405,"Steve Hickner",228044465,2,114022233
406,"Kathryn Bigelow",227008217,9,25223135
407,"Damien Chazelle",226561183,5,45312237
408,"Richard Benjamin",226390191,12,18865849
409,"Craig Gillespie",225810735,9,25090082
410,"George Tillman, Jr",225477980,8,28184748
411,"Simon Wincer",225295869,13,17330451
412,"Tarsem Singh",224590631,6,37431772
413,"Alfred Hitchcock",223727244,43,5202959
414,"Tom Laughlin",223040907,4,55760227
415,"Boaz Yakin",221880671,10,22188067
416,"Pierre Morel",221676240,9,24630693
417,"Jonathan Goldstein",221612904,4,55403226
418,"John Francis Daley",221612904,4,55403226
419,"Jimmy Hayward",220827036,3,73609012
420,"John Huston",220652401,21,10507257
421,"Jonathan Levine",220600954,8,27575119
422,"John Hamburg",220431513,5,44086303
423,"Simon Wells",220293755,7,31470536
424,"Frank Darabont",218504224,5,43700845
425,"Jon Amiel",217807463,9,24200829
426,"Jon Lucas",217596495,5,43519299
427,"Scott Moore",217596495,5,43519299
428,"Tom Dey",217241050,5,43448210
429,"Mark Osborne",217038759,3,72346253
430,"Sam Wood",216480470,6,36080078
431,"Rupert Wyatt",216399492,5,43279898
432,"Kevin Smith",215786749,19,11357197
433,"Edgar Wright",215772289,9,23974699
434,"Jonathan Lynn",215478157,9,23942017
435,"Terry Gilliam",215476102,13,16575085
436,"Bradley Cooper",215288866,3,71762955
437,"James DeMonaco",215078105,6,35846351
438,"Albert Hughes",214424191,7,30632027
439,"Andy Serkis",214039688,5,42807938
440,"Theodore Melfi",213744999,4,53436250
441,"John Guillermin",213255630,10,21325563
442,"Richard Linklater",213094404,24,8878934
443,"Alex Kendrick",212068988,7,30295570
444,"Alejandro Monteverde",211783554,4,52945889
445,"Danny DeVito",211552402,6,35258734
446,"Mick Jackson",210093066,7,30013295
447,"Michael Caton-Jones",209838308,12,17486526
448,"Peter Yates",209721540,17,12336561
449,"Jake Schreier",209325500,4,52331375
450,"Dominic Sena",208914074,5,41782815
451,"Thor Freudenthal",208284244,4,52071061
452,"Michael Chaves",206635379,4,51658845
453,"Peter Chelsom",206622952,13,15894073
454,"Jonathan Frakes",205969102,6,34328184
455,"Joe Roth",205602821,6,34267137
456,"Rupert Sanders",204975971,5,40995194
457,"Jon Erwin",203706533,9,22634059
458,"Tony Gilroy",202810577,3,67603526
459,"Julius Onah",202510614,5,40502123
460,"Timur Bekmambetov",202144190,12,16845349
461,"Eric Brevig",201950381,2,100975191
462,"Gary Fleder",201562246,9,22395805
463,"Lawrence Guterman",201151436,3,67050479
464,"Phil Johnston",201091711,2,100545856
465,"Sam Weisman",200883197,5,40176639
466,"Nathan Greno",200821936,1,200821936
467,"Ben Falcone",200662903,5,40132581
468,"Allen Hughes",199862063,9,22206896
469,"Ariel Schulman",199750111,7,28535730
470,"Henry Joost",199750111,7,28535730
471,"Michael Moore",197525648,11,17956877
472,"Richard Attenborough",197398047,10,19739805
473,"Gary Winick",196332270,6,32722045
474,"Justin Baldoni",194247487,3,64749162
475,"Luke Greenfield",194030916,5,38806183
476,"Gavin O’Connor",193633938,8,24204242
477,"Stephanie Ma Stine",193590620,1,193590620
478,"Chris McKay",193048279,5,38609656
479,"Greg Mottola",192459720,8,24057465
480,"Morten Tyldum",192339852,3,64113284
481,"John Frankenheimer",191623883,21,9124947
482,"Jason Friedberg",191564775,10,19156478
483,"Cal Brunker",190854179,5,38170836
484,"John Schlesinger",190793498,15,12719567
485,"Bob Persichetti",190173195,2,95086598
486,"Rodney Rothman",190173195,1,190173195
487,"Dean Fleischer-Camp",189333703,2,94666852
488,"Ol Parker",188910920,4,47227730
489,"Charles Martin Smith",188498722,8,23562340
490,"Guy Hamilton",188453189,10,18845319
491,"John Moore",187903503,6,31317251
492,"Kirk De Micco",187168425,1,187168425
493,"Jean-Jacques Annaud",186365316,11,16942301
494,"Cate Shortland",184742854,4,46185714
495,"Joe Carnahan",184065481,13,14158883
496,"Paul Mazursky",183464162,10,18346416
497,"Sam Wrench",182896092,7,26128013
498,"Kirk Jones",182123214,5,36424643
499,"Andrzej Bartkowiak",179344264,7,25620609
500,"Peter Faiman",179074528,2,89537264
501,"William Wyler",178807416,13,13754417
502,"Scott Hicks",178750512,9,19861168
503,"Marcus Nispel",177100776,6,29516796
504,"Olivier Megaton",176520141,4,44130035
505,"Michael Gracey",176323822,3,58774607
506,"Travis Knight",175218677,5,35043735
507,"Kent Seki",175003033,1,175003033
508,"Parker Finn",174947634,2,87473817
509,"Cary Joji Fukunaga",174761109,5,34952222
510,"Phyllida Lloyd",174505524,3,58168508
511,"Espen Sandberg",174076286,4,43519072
512,"Sam Taylor-Johnson",173790761,5,34758152
513,"Steve Barron",173736935,7,24819562
514,"Marc Lawrence",173507594,5,34701519
515,"Colin Higgins",172992137,2,86496069
516,"Roman Polanski",172537280,21,8216061
517,"Nick Park",172132008,9,19125779
518,"Kevin Rodney Sullivan",171659244,4,42914811
519,"Sam Fell",171545868,4,42886467
520,"James McTeigue",171482780,5,34296556
521,"Peter Hewitt",171351512,8,21418939
522,"Chirs Buck",171091819,1,171091819
523,"Chloé Zhao",171023736,5,34204747
524,"Rod Daniel",169961188,5,33992238
525,"Paul Thomas Anderson",169891993,10,16989199
526,"Mike Gabriel",169511234,2,84755617
527,"Jordan Vogt-Roberts",169368312,3,56456104
528,"David Twohy",169109764,8,21138721
529,"Richard Fleischer",168749903,18,9374995
530,"Jay Russell",168258163,6,28043027
531,"Gregory Hoblit",168153921,5,33630784
532,"Philip Kaufman",167833444,11,15257586
533,"Robert Stevenson",167654138,7,23950591
534,"Mikael Hafstrom",166971453,9,18552384
535,"Mark Robson",166843366,9,18538152
536,"Dwight H. Little",166755302,12,13896275
537,"Jay Chandrasekhar",166586297,7,23798042
538,"Robert Eggers",165847154,6,27641192
539,"Stephen Chbosky",165168403,5,33033681
540,"Lee Daniels",164875819,6,27479303
541,"Glenn Ficarra",163334953,6,27222492
542,"John Requa",163334953,6,27222492
543,"Paul Tibbitt",162994032,1,162994032
544,"Michel Gondry",162316276,15,10821085
545,"Peter Bogdanovich",161769547,15,10784636
546,"Toni Myers",161721860,3,53907287
547,"Bibo Bergeron",161412000,2,80706000
548,"Michael Thurmeier",161321843,1,161321843
549,"Roger Kumble",161319821,9,17924425
550,"James Wong",160668896,4,40167224
551,"Alex Garland",160301138,5,32060228
552,"Jeff Wadlow",159556539,10,15955654
553,"Stuart Baird",157767204,3,52589068
554,"Ava Duvernay",157599216,7,22514174
555,"Jesse Dylan",157196929,3,52398976
556,"Fred Schepisi",157145710,13,12088132
557,"David Soren",156949130,3,52316377
558,"Michael B. Jordan",156248615,3,52082872
559,"John Boorman",156055154,14,11146797
560,"Stan Dragoti",155666897,5,31133379
561,"Barbra Streisand",155067309,3,51689103
562,"Franco Zeffirelli",154878920,15,10325261
563,"David Cronenberg",154349898,21,7349995
564,"Rob Bowman",154229828,4,38557457
565,"Scott Cooper",153817053,8,19227132
566,"Michael Dougherty",153225613,3,51075204
567,"Brian Fee",152901115,1,152901115
568,"Patrick Hughes",152826941,5,30565388
569,"Jason Moore",152045738,4,38011435
570,"Andrew Erwin",151603546,9,16844838
571,"James Fargo",151468727,3,50489576
572,"Ronny Yu",151313397,6,25218900
573,"Jeannot Szwarc",150645702,7,21520815
574,"Alexandre Aja",150639302,11,13694482
575,"Ted Demme",150569759,7,21509966
576,"Cecil B. DeMille",150200591,11,13654599
577,"Adam Robitel",150060839,4,37515210
578,"Neil LaBute",150027001,13,11540539
579,"Jeremiah Chechik",149873028,6,24978838
580,"Leigh Whannell",149817018,5,29963404
581,"Josh Boone",148806869,4,37201717
582,"Rob Zombie",148318805,11,13483528
583,"Spike Jonze",148159164,5,29631833
584,"Steve Pink",147802277,8,18475285
585,"Gina Prince-Bythewood",147168465,5,29433693
586,"Ralph Zondag",147063639,4,36765910
587,"Kunihiko Yuyama",146543713,17,8620218
588,"Michael Lehmann",146338730,9,16259859
589,"Jill Culton",145866649,2,72933325
590,"Nia DaCosta",145836803,6,24306134
591,"Stephen Gaghan",145818090,5,29163618
592,"Christopher Landon",145629053,8,18203632
593,"James B. Rogers",145096820,1,145096820
594,"Alessandro Carloni",143528619,1,143528619
595,"John Whitesell",143176473,7,20453782
596,"Jim Sheridan",142816272,9,15868475
597,"Jack Lee Thompson",142240067,14,10160005
598,"Michael Sarnoski",142238551,4,35559638
599,"Ted Kotcheff",142127096,10,14212710
600,"Eric Goldberg",141579773,1,141579773
601,"Martin Ritt",140619130,12,11718261
602,"Eduardo Sanchez",140583046,7,20083292
603,"Daniel Myrick",140539099,4,35134775
604,"Andrew Bergman",140346898,6,23391150
605,"Norton Virgien",139897257,2,69948629
606,"Kelly Marcel",139755882,2,69877941
607,"Tommy Chong",139663872,6,23277312
608,"Iain Softley",139603219,9,15511469
609,"Peter Lord",137845041,2,68922521
610,"Eric Leighton",137748063,1,137748063
611,"Emma Tammi",137304231,4,34326058
612,"Sidney Poitier",136781950,5,27356390
613,"Stephen Norrington",136607080,4,34151770
614,"David Green",136286894,5,27257379
615,"Forest Whitaker",136113271,3,45371090
616,"Barbet Schroeder",135877640,12,11323137
617,"Breck Eisner",135163174,3,45054391
618,"Martha Coolidge",134934517,13,10379578
619,"William Brent Bell",134706604,8,16838326
620,"Tobe Hooper",134656451,9,14961828
621,"Gene Stupnitsky",133592588,2,66796294
622,"Miguel Arteta",132411380,8,16551423
623,"Nick Castle",131980808,6,21996801
624,"David S. Ward",131823724,5,26364745
625,"Michael Sucsy",131126944,3,43708981
626,"Russell Mulcahy",131071018,14,9362216
627,"Scott Waugh",130291507,8,16286438
628,"Stephen Daldry",129945419,8,16243177
629,"Oz Perkins",129439141,7,18491306
630,"Aaron Seltzer",128825448,8,16103181
631,"Steve Rash",128719644,7,18388521
632,"Benjamin Renner",127990296,3,42663432
633,"Richard LaGravenese",127698636,8,15962330
634,"David McNally",127509485,2,63754743
635,"Brett Leonard",127274829,9,14141648
636,"Kevin Greutert",127011368,7,18144481
637,"Ronald Neame",126700000,9,14077778
638,"Zhang Yimou",126328036,23,5492523
639,"Lewis Teague",126272538,6,21045423
640,"Dallas Jenkins",125469261,11,11406296
641,"Carl Franklin",125096163,7,17870880
642,"Stephen Anderson",124515017,2,62257509
643,"Bill Duke",124124711,8,15515589
644,"Lewis Gilbert",123459300,5,24691860
645,"Kenny Ortega",122828066,8,15353508
646,"John Schultz",122369257,10,12236926
647,"Etan Cohen",120980196,2,60490098
648,"Josh Trank",120692723,4,30173181
649,"Simon Curtis",120184817,6,20030803
650,"Trish Sie",119801914,5,23960383
651,"Cody Cameron",119793567,1,119793567
652,"Kris Pearn",119793567,3,39931189
653,"Hoyt H. Yeatman",119436770,1,119436770
654,"Arthur Penn",119339299,9,13259922
655,"John A. Davis",119337901,3,39779300
656,"Luis Mandoki",119089702,7,17012815
657,"Jeff Rowe",118700272,3,39566757
658,"Angus Maclane",118307188,1,118307188
659,"Irwin Winkler",117668401,7,16809772
660,"Corin Hardy",117459086,4,29364772
661,"Ric Roman Waugh",117249518,10,11724952
662,"Clark Johnson",116954108,3,38984703
663,"Bennett Miller",116708086,4,29177022
664,"Angelina Jolie",116480232,6,19413372
665,"Lorene Scafaria",116309555,3,38769852
666,"Frederik Du Chau",116305627,3,38768542
667,"Noam Murro",116091340,2,58045670
668,"Hugh Hudson",115997356,7,16571051
669,"David S. Goyer",115637767,4,28909442
670,"Denzel Washington",115532367,4,28883092
671,"Sylvain White",115513807,5,23102761
672,"Robert Aldrich",115308075,15,7687205
673,"Peter Hastings",114959351,2,57479676
674,"Greg Berlanti",114733244,4,28683311
675,"Jim Sharman",114429919,2,57214960
676,"David Koepp",114038560,7,16291223
677,"Reinaldo Marcus Green",114025139,4,28506285
678,"Buck Henry",113998912,2,56999456
679,"Michael Hoffman",113916347,8,14239543
680,"John Erick Dowdle",113882653,6,18980442
681,"Michael Pressman",113658710,7,16236959
682,"Nicholas Meyer",113405916,6,18900986
683,"Stanley Kramer",1.13e+08,9,12555556
684,"Dexter Fletcher",112157549,5,22431510
685,"Billy Wilder",112145625,22,5097528
686,"Howard Hall",112080730,4,28020183
687,"James Bridges",111663264,5,22332653
688,"Michael Cimino",111368201,8,13921025
689,"Geoff Murphy",111354399,7,15907771
690,"Burr Steers",111058088,4,27764522
691,"Johannes Roberts",111000591,10,11100059
692,"Andrew Niccol",110858027,7,15836861
693,"Takaski Shimizu",110359362,2,55179681
694,"Rupert Wainwright",110126614,3,36708871
695,"Cornell John",109306210,1,109306210
696,"Sean McNamara",109270573,31,3524857
697,"Peter Billingsley",109226916,2,54613458
698,"Terence Young",108875671,9,12097297
699,"Alan Metter",108525676,5,21705135
700,"Oren Peli",107926366,2,53963183
701,"Dean Israelite",107712691,5,21542538
702,"Frank Miller",107667812,3,35889271
703,"Seth Rogen",107575377,2,53787689
704,"Evan Goldberg",107575377,2,53787689
705,"Clay Kaytis",107509366,4,26877342
706,"Fergal Reilly",107509366,1,107509366
707,"Bong Joon Ho",107245636,8,13405705
708,"Duncan Jones",107087680,5,21417536
709,"David Lynch",106686396,11,9698763
710,"David Lowery",106682246,8,13335281
711,"Stuart Rosenberg",106253908,6,17708985
712,"Tommy Wirkola",105840239,11,9621840
713,"Paul Michael Glaser",105782594,5,21156519
714,"Andrew Fleming",105766635,9,11751848
715,"Peter Hedges",105728259,5,21145652
716,"Jack Smight",105722763,9,11746974
717,"Anthony Leondis",105618115,2,52809058
718,"John Ford",105400000,27,3903704
719,"Aaron Nee",105364584,4,26341146
720,"Adam Nee",105364584,4,26341146
721,"Don Siegel",105203180,16,6575199
722,"Sofia Coppola",104480355,8,13060044
723,"Joshua Logan",104081356,5,20816271
724,"Tim Heitz",103974820,1,103974820
725,"Christopher Cain",103901633,8,12987704
726,"Steve Rodney McQueen",103231002,6,17205167
727,"James Ivory",103094259,20,5154713
728,"Danny Leiner",103063267,3,34354422
729,"Thomas Carter",103024926,4,25756232
730,"James Algar",102797000,2,51398500
731,"Sam Peckinpah",102392537,13,7876349
732,"Gene Saks",102368900,6,17061483
733,"Hayao Miyazaki",102015600,12,8501300
734,"Charles Stone III",101948559,7,14564080
735,"Bob Rafelson",101732502,8,12716563
736,"David E. Talbert",101566563,5,20313313
737,"Niki Caro",101029369,8,12628671
738,"Bo Welch",101018283,1,101018283
739,"Mervyn LeRoy",100598929,12,8383244
740,"Igor Kovalyov",100494685,1,100494685
741,"George Seaton",100489150,6,16748192
742,"Daniel Petrie",99903881,8,12487985
743,"Alejandro Amenábar",99677369,7,14239624
744,"Steven Quale",99158521,5,19831704
745,"Jerry Paris",98916205,2,49458103
746,"John R. Leonetti",98575318,4,24643830
747,"David Kellogg",98419385,2,49209693
748,"Sidney J. Furie",98374524,14,7026752
749,"Tamra Davis",97800083,7,13971440
750,"Nimrod Antal",97647417,6,16274570
751,"Pierre Perifel",97459240,2,48729620
752,"Michael Engler",97454519,2,48727260
753,"Michael Curtiz",97406086,28,3478789
754,"Hal Ashby",96883158,10,9688316
755,"Gary Goldman",96468617,4,24117154
756,"Bernardo Bertolucci",96369809,10,9636981
757,"James Gray",96339598,10,9633960
758,"William Dear",96233331,6,16038889
759,"Carroll Ballard",96131794,4,24032949
760,"Jared Bush",96093622,1,96093622
761,"Mike Figgis",95864045,14,6847432
762,"Fred Zinnemann",95828122,11,8711647
763,"Sharon Maguire",95640361,3,31880120
764,"Mark Rydell",95557455,7,13651065
765,"Joe Pytka",95434622,2,47717311
766,"Patrick Lussier",95267362,9,10585262
767,"Gerard Johnstone",95159005,3,31719668
768,"Beeban Kidron",94909936,5,18981987
769,"Stanley Donen",94682788,15,6312186
770,"Mike Flanagan",94421463,9,10491274
771,"Adam Stein",94408591,3,31469530
772,"Zach Lipovsky",94408591,5,18881718
773,"John Milius",93996657,7,13428094
774,"Franklin J. Schaffner",93898410,8,11737301
775,"Kasi Lemmons",93865688,7,13409384
776,"Paul Weiland",93790146,5,18758029
777,"Bille Woodruff",93683895,6,15613983
778,"Jared Stern",93657117,1,93657117
779,"Bob Fosse",93623112,5,18724622
780,"Henry Hathaway",93465925,14,6676138
781,"Brad Furman",93335147,6,15555858
782,"Peter Spierig",93246225,4,23311556
783,"Michael Spierig",93246225,4,23311556
784,"Tom Vaughan",92977226,5,18595445
785,"John Luessenhop",92536147,4,23134037
786,"Alex Kurtzman",92532917,2,46266459
787,"Richard Brooks",92007670,14,6571976
788,"Jean-Pierre Jeunet",91865735,8,11483217
789,"Tom Holland",91804798,6,15300800
790,"Michael Schultz",91767931,10,9176793
791,"Harold Cronk",91721368,7,13103053
792,"Jonathan Kaplan",91627305,6,15271218
793,"James Watkins",91314979,3,30438326
794,"Dennis Hopper",91147518,6,15191253
795,"Jeff Kanew",90774764,6,15129127
796,"Robert Moore",90732599,3,30244200
797,"Charles Herman-Wurmfeld",90639088,1,90639088
798,"Griffin Dunne",90562949,6,15093825
799,"King Vidor",90472006,12,7539334
800,"Klay Hall",90282580,1,90282580
801,"Callie Khouri",90255387,3,30085129
802,"Olivia Newman",90230760,2,45115380
803,"Robert Iscove",90187340,4,22546835
804,"Julie Anne Robinson",89364911,2,44682456
805,"Olivier Magaton",89256424,1,89256424
806,"Patricia Riggen",89132404,5,17826481
807,"Tod Williams",88688499,4,22172125
808,"Bruce Hendricks",88641696,3,29547232
809,"Luca Guadagnino",88438244,17,5202250
810,"Martin McDonagh",87920880,5,17584176
811,"Ryan Murphy",87434010,5,17486802
812,"Ted Post",87269482,8,10908685
813,"Deon Taylor",87229567,11,7929961
814,"David Breashears",87178599,2,43589300
815,"Stephen Judson",87178599,1,87178599
816,"Richard Rich",87024021,12,7252002
817,"Scott Stewart",86723373,4,21680843
818,"Jessie Nelson",86720122,3,28906707
819,"Jim Freeman",86600000,1,86600000
820,"Ericson Core",86589433,3,28863144
821,"Alastair Fothergill",86456681,11,7859698
822,"Bill Holderman",86147861,2,43073931
823,"Phil Joanou",86134654,7,12304951
824,"Ben Wheatley",86027141,12,7168928
825,"Roland Joffe",85864626,13,6604971
826,"Stanley Tong",85747543,9,9527505
827,"Pete Travis",85690665,4,21422666
828,"Yorgos Lanthimos",85463174,9,9495908
829,"Stephen Hillenburg",85416609,1,85416609
830,"Trey Parker",85394461,6,14232410
831,"Aaron Blaise",85336277,1,85336277
832,"Robert Walker",85336277,1,85336277
833,"Randa Haines",85273914,3,28424638
834,"Mike Judge",85213450,4,21303363
835,"Tom McCarthy",84929170,8,10616146
836,"David Wain",84881212,5,16976242
837,"Haruo Sotozaki",84875126,12,7072927
838,"Luis Llosa",84593560,2,42296780
839,"Jim Henson",84513169,3,28171056
840,"Ben Sharpsteen",84300000,2,42150000
841,"Paul Haggis",84279848,5,16855970
842,"Cathy Yan",84158461,4,21039615
843,"Alan Alda",84155103,4,21038776
844,"Todd Strauss-Schulson",83852218,4,20963055
845,"Ben Stassen",83838363,13,6449105
846,"Richard Curtis",83576814,4,20894204
847,"James L. Conway",83500000,4,20875000
848,"Jodie Foster",83470751,4,20867688
849,"Craig Brewer",83402421,6,13900404
850,"Babak Najafi",83392898,3,27797633
851,"Simon J. Smith",83350911,1,83350911
852,"Mira Nair",83117794,10,8311779
853,"Ernest Dickerson",83083032,7,11869005
854,"Richard Lester",83055150,8,10381894
855,"John Stockwell",82893197,12,6907766
856,"André Øvredal",82837699,6,13806283
857,"Buddy Van Horn",82830828,2,41415414
858,"Mathieu Kassovitz",82753188,4,20688297
859,"Mike Binder",82588182,8,10323523
860,"Kevin MacDonald",82443001,10,8244300
861,"Brian Henson",82413350,3,27471117
862,"Todd Michael Amateau",82234139,1,82234139
863,"Gabor Csupo",82234139,1,82234139
864,"Patrick Wilson",82156962,1,82156962
865,"Kevin Hooks",81798476,5,16359695
866,"Steve Gordon",81464486,1,81464486
867,"Daniel Scheinert",81413784,4,20353446
868,"Daniel Kwan",81379928,3,27126643
869,"Burt Reynolds",81303636,4,20325909
870,"Christian Gudegast",80962638,2,40481319
871,"Richard Loncraine",80536019,10,8053602
872,"Mary Lambert",80479130,6,13413188
873,"Simon Kinberg",80416429,2,40208215
874,"Florian Henckel von Donnersmarck",80219561,3,26739854
875,"James Frawley",79990306,4,19997577
876,"Jean-Marc Vallee",79733386,5,15946677
877,"George A. Romero",79710698,17,4688865
878,"Ari Aster",79672381,4,19918095
879,"John Polson",79665481,2,39832741
880,"Bronwen Hughes",79527848,3,26509283
881,"Ken Annakin",79494197,3,26498066
882,"Joe Camp",79063152,5,15812630
883,"Victor Salva",78656804,5,15731361
884,"Stewart Raffill",78630310,8,9828789
885,"Larry Peerce",78516151,7,11216593
886,"Howard Hawks",78485077,20,3924254
887,"Robert Townsend",78372788,9,8708088
888,"Zach Braff",77602621,4,19400655
889,"Mark L. Lester",77572582,10,7757258
890,"Joseph Zito",77521547,4,19380387
891,"Luc Jacquet",77451698,5,15490340
892,"Mark Linfield",77409357,5,15481871
893,"Robert De Niro",77148354,2,38574177
894,"Sanaa Hamri",77098895,4,19274724
895,"Dennie Gordon",77096564,4,19274141
896,"Tony Bill",77017552,7,11002507
897,"John R. Cherry, III",76741060,3,25580353
898,"Paul Demeyer",76501438,1,76501438
899,"Stig Bergqvist",76501438,1,76501438
900,"John Crowley",76123146,5,15224629
901,"Hideo Nakata",75941727,16,4746358
902,"David Carson",75671262,3,25223754
903,"Chris Rock",75665378,3,25221793
904,"Valerie Faris",75069730,3,25023243
905,"Jonathan Dayton",75069730,3,25023243
906,"Stefen Fangmeier",75030163,1,75030163
907,"Reginald Hudlin",74812625,12,6234385
908,"Paul McGuigan",74537910,8,9317239
909,"Mark Pellington",74508867,10,7450887
910,"Gene Wilder",74341544,5,14868309
911,"Gary Dauberman",74152591,2,37076296
912,"George Scribner",74151346,1,74151346
913,"Albert Magnoli",74106633,2,37053317
914,"Tom Tykwer",73951079,11,6722825
915,"Pedro Almodovar",73932504,27,2738241
916,"Bryan Spicer",73874414,3,24624805
917,"Costa-Gavras",73331064,12,6110922
918,"Lorna Cook",73215310,1,73215310
919,"George Stevens",73151952,11,6650177
920,"Mario Van Peebles",73142885,12,6095240
921,"Doug Sweetland",72679278,1,72679278
922,"Chris Butler",72652590,2,36326295
923,"Terry Zwigoff",72616397,4,18154099
924,"Samantha Jayne",72581770,1,72581770
925,"Arturo Perez",72581770,1,72581770
926,"Angel Manuel Soto",72541501,3,24180500
927,"Marco Brambilla",72407200,2,36203600
928,"Andrei Konchalovsky",72309204,5,14461841
929,"Dan Trachtenberg",72082999,4,18020750
930,"Justin Simien",72057441,3,24019147
931,"Mike Tollin",72027629,2,36013815
932,"Steve Beck",71981451,2,35990726
933,"Marielle Heller",71977303,4,17994326
934,"Sean Cunningham",71750222,4,17937556
935,"George Nolfi",71719411,4,17929853
936,"Kevin Bray",71696755,2,35848378
937,"Alfonso Arau",71664677,2,35832339
938,"Gil Junger",71600772,7,10228682
939,"Steven Zaillian",71197832,3,23732611
940,"Frank Pierson",71129898,2,35564949
941,"Rick Rosenthal",71091553,8,8886444
942,"Kieth Merrill",70800000,3,23600000
943,"Gilbert Lewis",70300000,1,70300000
944,"John Flynn",70051158,6,11675193
945,"Mike ""Mouse"" McCoy",70012847,1,70012847
946,"Graeme Ferguson",7e+07,1,7e+07
947,"Andrew V. McLaglen",69787676,13,5368283
948,"Paul Brickman",69591795,2,34795898
949,"David Mirkin",69569377,2,34784689
950,"Gerard McMurray",69488745,2,34744373
951,"Sarah Smith",69471739,2,34735870
952,"Terrence Malick",69189848,11,6289986
953,"Nima Nourizadeh",69171850,2,34585925
954,"Peter Howitt",68738240,5,13747648
955,"John Dahl",68509788,8,8563724
956,"Ash Brannon",68288240,2,34144120
957,"Steve Shill",68261644,1,68261644
958,"Dinesh D'Souza",68245767,6,11374295
959,"Camille Delamarre",68141561,4,17035390
960,"Olivia Wilde",67990365,3,22663455
961,"Angela Robinson",67692837,3,22564279
962,"Lee Cronin",67377444,3,22459148
963,"Richard Pearce",66788289,6,11131382
964,"Nick Bruno",66757013,2,33378507
965,"Troy Quane",66757013,2,33378507
966,"Chris Noonan",66664515,2,33332258
967,"Shekhar Kapur",66661940,8,8332743
968,"Nigel Cole",66138388,6,11023065
969,"Greg Jacobs",66013057,2,33006529
970,"Matthew Robbins",65556816,5,13111363
971,"Gary Nelson",65535600,3,21845200
972,"Joseph L. Mankiewicz",65400000,6,10900000
973,"Damien Leone",65283519,5,13056704
974,"Andrew Douglas",65233369,2,32616685
975,"Ted Berman",65187923,2,32593962
976,"David Newman",65028687,1,65028687
977,"Keith Merryman",65028687,1,65028687
978,"Harve Foster",6.5e+07,1,6.5e+07
979,"John Weiley",6.5e+07,3,21666667
980,"Brad Anderson",64662298,14,4618736
981,"Richard Franklin",64516233,5,12903247
982,"Jeremy Garelick",64460211,5,12892042
983,"Bruce Malmuth",64296891,3,21432297
984,"Peter Lepeniotis",64251538,4,16062885
985,"Kevin Munroe",64149046,4,16037262
986,"John Irvin",64110994,11,5828272
987,"Mike Thurmeier",64063008,1,64063008
988,"Fawn Veerasunthorn",63973821,1,63973821
989,"Mark Neveldine",63842327,6,10640388
990,"Gary David Goldberg",63632878,2,31816439
991,"Charles Crichton",63509361,3,21169787
992,"Doug McHenry",63474907,3,21158302
993,"Samuel Bayer",63075011,1,63075011
994,"Stuart Gillard",62777798,6,10462966
995,"Preston A. Whitmore II",62469109,6,10411518
996,"Frank Perry",62459512,6,10409919
997,"Mans Marlind",62321039,3,20773680
998,"Björn Stein",62321039,2,31160520
999,"Brian Gibson",62309783,3,20769928
NA,"Tom Mankiewicz",62142853,2,31071427
